"Term","Estimate","Std_Error","t_value","P_value"
"(Intercept)",2.19629340210791,0.14721738092883,14.918709925764,2.50238802761596e-50
