"Term","Estimate","Std_Error","t_value","P_value"
"(Intercept)",0.289946696228644,0.0114582130193177,25.3047046463367,2.94931906633918e-141
