"Term","Estimate","Std_Error","t_value","P_value"
"(Intercept)",0.739740627388665,0.00612459201156222,120.782025315671,0
