"Term","Estimate","Std_Error","t_value","P_value"
"(Intercept)",2.26559220622555,0.0948772130351115,23.8792027479466,5.19820391899634e-126
