"Term","Estimate","Std_Error","t_value","P_value"
"(Intercept)",0.904413515951837,0.0452682310407887,19.9789895729948,8.52036856759085e-89
