"Term","Estimate","Std_Error","t_value","P_value"
"(Intercept)",0.389285307934535,0.0014523580689166,268.036730243063,0
