"Term","Estimate","Std_Error","t_value","P_value"
"(Intercept)",-4.23704099908223,0.0684096001937027,-61.9363508496613,0
