"Term","Estimate","Std_Error","z_value","P_value"
"(Intercept)",-2.14411246256882,0.0849084341035995,-25.2520551721955,1.07520011118955e-140
